issue,date,n1,n2,n3,n4,n5,n6,special
1200,2025-11-29,1,2,4,16,20,32,45
1201,2025-12-06,7,9,24,27,35,36,37
1202,2025-12-13,5,12,21,33,37,40,7
1203,2025-12-20,3,6,18,29,35,39,24
1204,2025-12-27,8,16,28,30,31,44,27
1205,2026-01-03,1,4,16,23,31,41,2
1206,2026-01-10,1,3,17,26,27,42,23
1207,2026-01-17,10,22,23,27,38,45,11
1208,2026-01-24,6,27,30,36,38,42,25
1209,2026-01-31,2,17,20,35,37,39,24
121,2005-03-26,12,28,30,34,38,43,9
1210,2026-02-07,1,7,9,17,27,38,31
1211,2026-02-14,23,26,27,35,38,40,10
1212,2026-02-21,5,8,25,31,41,44,45
1213,2026-02-28,5,11,25,27,36,38,2
1214,2026-03-07,10,15,19,27,30,33,14
1215,2026-03-14,13,15,19,21,44,45,39
1216,2026-03-21,3,10,14,15,23,24,25
1217,2026-03-28,8,10,15,20,29,31,41
1218,2026-04-04,3,28,31,32,42,45,25
1219,2026-04-11,1,2,15,28,39,45,31
1220,2026-04-18,2,22,25,28,34,43,16
1221,2026-04-25,6,13,18,28,30,36,9
